<?xml version='1.0' encoding='iso-8859-1'?>
<tree id="0">
	<item text="dhtmlxGrid v1.2" open="1">
		<item text="Main Features" id="mf">
			<userdata name="file">guide.html</userdata>
		</item>
		<item text="Supported Browsers" id="browsers">
			<userdata name="file">guide.html</userdata>
		</item>
		<item text="Guide" id="guide" select="1">
			<userdata name="file">guide.html</userdata>
			<item text="dhtmlxTreeGrid" id="trgr">
				<item text="Tree-&amp;-Grid initialization and usage" id="treegrid"/>
				<item text="TreeGrid XML structure" id="xml_tree"/>
				<item text="Math Formulas in TreeGrid" id="math_tree"/>
				<item text="Adding nodes with Script" id="add_tree"/>
				<item text="Dynamical Loading in TreeGrid" id="dloadTreeGrid" im0="leaf_upd.gif"/>
				<item text="Smart XML Parsing in dhtmlxTreeGrid" id="smpars" im0="leaf_upd.gif"/>
			
			</item>
			<item text="Initialize object on page" im0="leaf_upd.gif" id="init"/>
			<item text="Initialize Grid from HTML table" im0="leaf_new.gif" id="initfromhtml"/>
			<item text="Configuration via XML"  im0="leaf_upd.gif" id="confxml"/>
			<item text="Drag-n-drop in Grid" id="dnd"/>
			<item text="Interaction with dhtmlxTree (drag-and-drop)" id="dndtree"/>
			<item text="Set Event Handlers" id="handlers"/>
			<item text="Serialize Grid into XML string" im0="leaf_upd.gif" id="serialize"/>
			<item text="Using Cell Editors (eXcell)"  im0="leaf_upd.gif" id="excell_use"/>
			<item text="Creating Cell Editors (eXcell)" id="excell_add"/>
			<item text="Increasing Performance" id="guide_perf"/>
			
			<item text="Dynamical Loading &amp; Buffering" id="dynload"/>
			<item text="Adding nodes with Script" id="scriptadd"/>
			<item text="Loading data with XML" im0="leaf_upd.gif" id="xmlload"/>
			<item text="Manipulating rows" id="rowsman"/>
			<item text="Multiselection in Grid" id="multisel"/>
			<item text="Multiline rows" id="multiline"/>
			<item text="Moving rows" id="move"/>
			<item text="Checkboxes &amp; Radiobuttons" id="checkbox"/>
			<item text="Navigation with keyboard" id="keyboard"/>
			<item text="Light Mouse Navigation" id="lightmousenav"/>
			<item text="Math Formulas in Grid" id="math"/>
			<item text="Context Menu in Grid" id="cmenu"/>
			<item text="Icons in Header" id="icohdr"/>
			<item text="Data Processing and link with Server Datasource" im0="leaf_upd.gif" id="dblink"/>
			<item text="Data Processing and Server errors handling" im0="leaf_new.gif" id="dbproc_err"/>
			<item text="Paginal Output" id="pgn"/>
			<item text="Smart Rendering" id="srnd"/>
			<item text="Merging Cells in grid" id="merg"/>
			<item text="Split Mode. Frozen columns" id="splitm" im0="leaf_upd.gif"/>
				
			<item text="Add/Delete/Move columns" im0="leaf_new.gif" id="admcols"/>
			<item text="Export to/from CSV" im0="leaf_new.gif" id="csv"/>
			<item text="Copy data to Excel" im0="leaf_new.gif" id="excel"/>
			<item text="Setting cell type explicetly" im0="leaf_new.gif" id="ctype_exp"/>
			<item text="Multiline Headers\Footer" im0="leaf_new.gif" id="mlhdr"/>
			<item text="Save\Restore column width" im0="leaf_new.gif" id="srcolwidth"/>
		</item>
		<item text="API Functions" id="api" open="1">
			<item text="Alphabeticaly sorted" id="api_a">
				<userdata name="file">alpha.html</userdata>
			</item>
			<item text="Grouped by Type" id="api_t">
				<userdata name="file">tgroup.html</userdata>
			</item>
			<item text="Grouped by Object" id="api_o">
				<userdata name="file">ogroup.html</userdata>
			</item>
			
		</item>
		<item text="Special Technique" id="spectech" open="1">
			<userdata name="file">specialtech.html</userdata>
			<item text="Browser caches xml files" id="cachprob" im0="leaf_new.gif"/>
		</item>
		
	</item>
</tree> 
